[
	{
		"productId" : "1",
		"productCategory" : "Cosmetics",
		"productTitle" : "Lakme kajal",
		"productDesc" : "Lakme Eyeconic Kajal, Black, 0.35g",
		"productMRP" : 400,
		"productPrice" : 360,
		"productImage" : "images/products_images/lakme_kajal.jpg",
		"productFeatures" : {
			"color" : "black",
			"weight" : "0.35g",
			"waterproof" : "yes"
		}
	},
	{
		"productId" : "2",
		"productCategory" : "Watch",
		"productTitle" : "Titan watch",
		"productDesc" : "Titan Youth Analog Black Dial",
		"productMRP" : 4900.860,
		"productPrice" : 4530.50,
		"productImage" : "images/products_images/titan_watch.jpg",
		"productFeatures" : {
			"color" : "black",
			"model" : "youth",
			"type" : "Analog"
		}
	},
	{
		"productId" : "3",
		"productCategory" : "Mobile",
		"productTitle" : "Microsoft Lumia 540",
		"productDesc" : "Microsoft Lumia 535 (Black, 8GB)",
		"productMRP" : 7900.80,
		"productPrice" : 7900.80,
		"productImage" : "images/products_images/microsoft_lumia_540.jpg",
		"productFeatures" : {
			"color" : "black",
			"model" : "lumia 535",
			"type" : "smartphone",
			"storage" : "internal 8GB, expandable upto 2GB"
		}
	},
	{
		"productId" : "4",
		"productCategory" : "Cookware",
		"productTitle" : "Prestige Induction",
		"productDesc" : "Prestige Induction",
		"productMRP" : 1900.80,
		"productPrice" : 1900.80,
		"productImage" : "images/products_images/prestige_induction.jpg",
		"productFeatures" : {
			"color" : "black",
			"model" : "induction 10",
			"warranty" : "2 years"
		}
	},
	{
		"productId" : "5",
		"productCategory" : "Mobile",
		"productTitle" : "Samsung Galaxy S7",
		"productDesc" : "Samsung Galaxy S7 Edge SM-G935F Smart Phone 32 GB, Black",
		"productMRP" : 12900.00,
		"productPrice" : 12000.00,
		"productImage" : "images/products_images/samsung_galaxy_s7.jpg",
		"productFeatures" : {
			"color" : "black",
			"model" : "S7 Edge SM-G935F",
			"type" : "smartphone",
			"storage" : "internal 32GB, expandable upto 2GB"
		}
	},
	{
		"productId" : "6",
		"productCategory" : "Watch",
		"productTitle" : "Sonata watch",
		"productDesc" : "Sonata Analog Golden",
		"productMRP" : 2100.25,
		"productPrice" : 2050.25,
		"productImage" : "images/products_images/sonata_watch.jpg",
		"productFeatures" : {
			"color" : "golden",
			"model" : "s10 latest design",
			"type" : "Analog"
		}
	}
]